<?xml version="1.0" encoding="UTF-8" ?>
<!-- This is a WordPress eXtended RSS file generated by WordPress as an export of your site. -->
<!-- It contains information about your site's posts, pages, comments, categories, and other content. -->
<!-- You may use this file to transfer that content from one site to another. -->
<!-- This file is not intended to serve as a complete backup of your site. -->

<!-- To import this information into a WordPress site follow these steps: -->
<!-- 1. Log in to that site as an administrator. -->
<!-- 2. Go to Tools: Import in the WordPress admin panel. -->
<!-- 3. Install the "WordPress" importer from the list. -->
<!-- 4. Activate & Run Importer. -->
<!-- 5. Upload this file using the form provided on that page. -->
<!-- 6. You will first be asked to map the authors in this export file to users -->
<!--    on the site. For each author, you may choose to map to an -->
<!--    existing user on the site or to create a new user. -->
<!-- 7. WordPress will then import each of the posts, pages, comments, categories, etc. -->
<!--    contained in this file into your site. -->

	<!-- generator="WordPress/5.2.1" created="2019-05-29 03:56" -->
<rss version="2.0"
	xmlns:excerpt="http://wordpress.org/export/1.2/excerpt/"
	xmlns:content="http://purl.org/rss/1.0/modules/content/"
	xmlns:wfw="http://wellformedweb.org/CommentAPI/"
	xmlns:dc="http://purl.org/dc/elements/1.1/"
	xmlns:wp="http://wordpress.org/export/1.2/"
>

<channel>
	<title>Antomi</title>
	<link>http://demo.roadthemes.com/antomi</link>
	<description>Just another WordPress site</description>
	<pubDate>Wed, 29 May 2019 03:56:11 +0000</pubDate>
	<language>en-US</language>
	<wp:wxr_version>1.2</wp:wxr_version>
	<wp:base_site_url>http://demo.roadthemes.com/antomi</wp:base_site_url>
	<wp:base_blog_url>http://demo.roadthemes.com/antomi</wp:base_blog_url>

		<wp:author><wp:author_id>1</wp:author_id><wp:author_login><![CDATA[admin]]></wp:author_login><wp:author_email><![CDATA[demo@roadthemes.com]]></wp:author_email><wp:author_display_name><![CDATA[admin]]></wp:author_display_name><wp:author_first_name><![CDATA[]]></wp:author_first_name><wp:author_last_name><![CDATA[]]></wp:author_last_name></wp:author>
	<item>
		<title>Home shop 4</title>
		<link>http://demo.roadthemes.com/antomi/</link>
		<pubDate>Mon, 22 Apr 2019 07:12:40 +0000</pubDate>
		<dc:creator><![CDATA[admin]]></dc:creator>
		<guid isPermaLink="false">http://192.168.1.209/antomi/?page_id=1086</guid>
		<description></description>
		<content:encoded><![CDATA[[vc_row full_width="stretch_row" el_class="block-white"][vc_column][vc_row_inner el_class="section-demo4-slider"][vc_column_inner el_class="column-slider" offset="vc_col-lg-6 vc_col-md-12"][rev_slider_vc alias="home4-slider"][/vc_column_inner][vc_column_inner el_class="column-image1" width="1/2" offset="vc_col-lg-3 vc_col-md-6"][vc_single_image image="1166" img_size="full" alignment="center" onclick="custom_link" link="http://demo.roadthemes.com/antomi/shop/"][/vc_column_inner][vc_column_inner el_class="column-image2" width="1/2" offset="vc_col-lg-3 vc_col-md-6"][vc_single_image image="1167" img_size="full" alignment="center" onclick="custom_link" link="http://demo.roadthemes.com/antomi/shop/"][vc_single_image image="1168" img_size="full" alignment="center" onclick="custom_link" link="http://demo.roadthemes.com/antomi/shop/"][/vc_column_inner][/vc_row_inner][vc_row_inner el_class="section-policy"][vc_column_inner width="1/2" offset="vc_col-lg-1/5 vc_col-md-4 vc_col-xs-6"][roadthemes_policy policy_icon="1094" policy_title="FREE DELIVERY" policy_text="For all oders over $120"][/vc_column_inner][vc_column_inner width="1/2" offset="vc_col-lg-1/5 vc_col-md-4 vc_col-xs-6"][roadthemes_policy policy_icon="1095" policy_title="SAFE PAYMENT" policy_text="100% secure payment"][/vc_column_inner][vc_column_inner width="1/2" offset="vc_col-lg-1/5 vc_col-md-4 vc_col-xs-6"][roadthemes_policy policy_icon="1096" policy_title="SHOP WITH CONFIDENCE" policy_text="If goods have problems"][/vc_column_inner][vc_column_inner width="1/2" offset="vc_col-lg-1/5 vc_col-md-4 vc_col-xs-6"][roadthemes_policy policy_icon="1097" policy_title="24/7 HELP CENTER" policy_text="Dedicated 24/7 support"][/vc_column_inner][vc_column_inner width="1/2" offset="vc_col-lg-1/5 vc_col-md-4 vc_col-xs-6"][roadthemes_policy policy_icon="1098" policy_title="FRIENDLY SERVICES" policy_text="30 day satisfaction guarantee"][/vc_column_inner][/vc_row_inner][vc_row_inner css=".vc_custom_1557248799620{margin-bottom: 0px !important;}"][vc_column_inner el_class="banner-customsize-1" offset="vc_col-lg-3 vc_col-md-3"][vc_single_image image="1103" img_size="full" alignment="center" onclick="custom_link" link="http://demo.roadthemes.com/antomi/shop/"][/vc_column_inner][vc_column_inner el_class="banner-customsize-2" offset="vc_col-lg-6 vc_col-md-6"][vc_single_image image="1104" img_size="full" alignment="center" onclick="custom_link" link="http://demo.roadthemes.com/antomi/shop/"][/vc_column_inner][vc_column_inner el_class="banner-customsize-3" offset="vc_col-lg-3 vc_col-md-3"][vc_single_image image="1105" img_size="full" alignment="center" onclick="custom_link" link="http://demo.roadthemes.com/antomi/shop/"][/vc_column_inner][/vc_row_inner][/vc_column][/vc_row][vc_row el_class="section-category"][vc_column width="1/2" offset="vc_col-lg-1/5 vc_col-md-4 vc_col-xs-6"][roadthemes_static_1 static_image="991" static_link_text="Cells &amp; Tablets" static_link_url="http://demo.roadthemes.com/antomi/product-category/accessories/" static_text="12 Products" static_title="Cells &amp; Tablets"][/vc_column][vc_column width="1/2" offset="vc_col-lg-1/5 vc_col-md-4 vc_col-xs-6"][roadthemes_static_1 static_image="993" static_link_text="Computer &amp; Laptop" static_link_url="http://demo.roadthemes.com/antomi/product-category/accessories/" static_text="24 Products" static_title="Cells &amp; Tablets"][/vc_column][vc_column width="1/2" offset="vc_col-lg-1/5 vc_col-md-4 vc_col-xs-6"][roadthemes_static_1 static_image="995" static_link_text="Fashion &amp; Clothing" static_link_url="http://demo.roadthemes.com/antomi/product-category/accessories/" static_text="22 Products" static_title="Cells &amp; Tablets"][/vc_column][vc_column width="1/2" offset="vc_col-lg-1/5 vc_col-md-4 vc_col-xs-6"][roadthemes_static_1 static_image="997" static_link_text="Sunglasses" static_link_url="http://demo.roadthemes.com/antomi/product-category/accessories/" static_text="06 Products" static_title="Cells &amp; Tablets"][/vc_column][vc_column width="1/2" offset="vc_col-lg-1/5 vc_col-md-4 vc_col-xs-6"][roadthemes_static_1 static_image="999" static_link_text="Baby &amp; Kids" static_link_url="http://demo.roadthemes.com/antomi/product-category/accessories/" static_text="09 Products" static_title="Cells &amp; Tablets"][/vc_column][vc_column width="1/2" offset="vc_col-lg-1/5 vc_col-md-4 vc_col-xs-6"][roadthemes_static_1 static_image="992" static_link_text="Games &amp; Consoles" static_link_url="http://demo.roadthemes.com/antomi/product-category/accessories/" static_text="14 Products" static_title="Cells &amp; Tablets"][/vc_column][vc_column width="1/2" offset="vc_col-lg-1/5 vc_col-md-4 vc_col-xs-6"][roadthemes_static_1 static_image="994" static_link_text="Furnitures &amp; Decor" static_link_url="http://demo.roadthemes.com/antomi/product-category/accessories/" static_text="26 Products" static_title="Cells &amp; Tablets"][/vc_column][vc_column width="1/2" offset="vc_col-lg-1/5 vc_col-md-4 vc_col-xs-6"][roadthemes_static_1 static_image="996" static_link_text="TV &amp; Audio" static_link_url="http://demo.roadthemes.com/antomi/product-category/accessories/" static_text="18 Products" static_title="Cells &amp; Tablets"][/vc_column][vc_column width="1/2" offset="vc_col-lg-1/5 vc_col-md-4 vc_col-xs-6"][roadthemes_static_1 static_image="998" static_link_text="Makeup &amp; Beauty" static_link_url="http://demo.roadthemes.com/antomi/product-category/accessories/" static_text="20 Products" static_title="Cells &amp; Tablets"][/vc_column][vc_column width="1/2" offset="vc_col-lg-1/5 vc_col-md-4 vc_col-xs-6"][roadthemes_static_1 static_image="1000" static_link_text="Accessories &amp; More" static_link_url="http://demo.roadthemes.com/antomi/product-category/accessories/" static_text="04 Products" static_title="Cells &amp; Tablets"][/vc_column][/vc_row][vc_row el_class="carousel-with-menu"][vc_column][vc_row_inner][vc_column_inner offset="vc_col-lg-4 vc_col-md-4"][roadthemes_title heading_title="Deals Of The Month"][/vc_column_inner][vc_column_inner offset="vc_col-lg-8 vc_col-md-8"][vc_wp_custommenu nav_menu="54"][/vc_column_inner][/vc_row_inner][list_products_r per_page="6" columns="2" orderby="ID" order="DESC" style="product-list-countdown" enable_slider="true" items_1500up="2" items_1200_1499="2" items_992_1199="2" items_768_991="2" items_480_639="1" navigation="1" pagination="" item_margin="0" speed="500" loop="true" ids="853, 857, 847, 869, 871, 862, 867"][/vc_column][/vc_row][vc_row el_class="menu-image-carousel"][vc_column][roadthemes_title heading_title="Computer &amp; Laptop" style="style3"][vc_row_inner][vc_column_inner el_class="col-menu" width="1/2" offset="vc_col-lg-2 vc_col-md-6 vc_col-xs-6"][roadthemes_menu menu_image="1170" nav_menu="57"][/vc_column_inner][vc_column_inner el_class="col-image" width="1/2" offset="vc_col-lg-4 vc_col-md-6 vc_col-xs-6"][vc_single_image image="1173" img_size="full" alignment="center" onclick="custom_link" link="http://demo.roadthemes.com/antomi/shop/"][/vc_column_inner][vc_column_inner el_class="col-carousel" offset="vc_col-lg-6 vc_col-md-12 vc_col-xs-12"][product_category_r per_page="12" columns="2" orderby="ID" order="DESC" category="computer-networking" enable_slider="true" items_1500up="3" items_1200_1499="3" items_992_1199="3" navigation="1" pagination="" item_margin="0" speed="500"][/vc_column_inner][/vc_row_inner][/vc_column][/vc_row][vc_row el_class="menu-image-carousel"][vc_column][roadthemes_title heading_title="Fashion &amp; Clothing" style="style3"][vc_row_inner][vc_column_inner el_class="col-menu" width="1/2" offset="vc_col-lg-2 vc_col-md-6 vc_col-xs-6"][roadthemes_menu menu_image="1171" nav_menu="57"][/vc_column_inner][vc_column_inner el_class="col-image" width="1/2" offset="vc_col-lg-4 vc_col-md-6 vc_col-xs-6"][vc_single_image image="1174" img_size="full" alignment="center" onclick="custom_link" link="http://demo.roadthemes.com/antomi/shop/"][/vc_column_inner][vc_column_inner el_class="col-carousel" offset="vc_col-lg-6 vc_col-md-12 vc_col-xs-12"][product_category_r per_page="12" columns="2" orderby="ID" order="DESC" category="fashion-clothing" enable_slider="true" items_1500up="3" items_1200_1499="3" items_992_1199="3" navigation="1" pagination="" item_margin="0" speed="500"][/vc_column_inner][/vc_row_inner][/vc_column][/vc_row][vc_row el_class="menu-image-carousel"][vc_column][roadthemes_title heading_title="Television &amp; Audio" style="style3"][vc_row_inner][vc_column_inner el_class="col-menu" width="1/2" offset="vc_col-lg-2 vc_col-md-6 vc_col-xs-6"][roadthemes_menu menu_image="1172" nav_menu="57"][/vc_column_inner][vc_column_inner el_class="col-image" width="1/2" offset="vc_col-lg-4 vc_col-md-6 vc_col-xs-6"][vc_single_image image="1660" img_size="full" alignment="center" onclick="custom_link" link="http://demo.roadthemes.com/antomi/shop/"][/vc_column_inner][vc_column_inner el_class="col-carousel" offset="vc_col-lg-6 vc_col-md-12 vc_col-xs-12"][product_category_r per_page="12" columns="2" orderby="ID" order="DESC" category="television-audio" enable_slider="true" items_1500up="3" items_1200_1499="3" items_992_1199="3" navigation="1" pagination="" item_margin="0" speed="500"][/vc_column_inner][/vc_row_inner][/vc_column][/vc_row][vc_row][vc_column][roadthemes_title heading_title="Our Latest Posts"][latestposts colsnumber="4" enable_slider="true" items_1200_1499="4" items_768_991="2" items_480_639="1" navigation="1" pagination="" item_margin="0" speed="500"][/vc_column][/vc_row]]]></content:encoded>
		<excerpt:encoded><![CDATA[]]></excerpt:encoded>
		<wp:post_id>1086</wp:post_id>
		<wp:post_date><![CDATA[2019-04-22 07:12:40]]></wp:post_date>
		<wp:post_date_gmt><![CDATA[2019-04-22 07:12:40]]></wp:post_date_gmt>
		<wp:comment_status><![CDATA[closed]]></wp:comment_status>
		<wp:ping_status><![CDATA[closed]]></wp:ping_status>
		<wp:post_name><![CDATA[home-shop-4]]></wp:post_name>
		<wp:status><![CDATA[publish]]></wp:status>
		<wp:post_parent>0</wp:post_parent>
		<wp:menu_order>0</wp:menu_order>
		<wp:post_type><![CDATA[page]]></wp:post_type>
		<wp:post_password><![CDATA[]]></wp:post_password>
		<wp:is_sticky>0</wp:is_sticky>
														<wp:postmeta>
		<wp:meta_key><![CDATA[_wpb_shortcodes_custom_css]]></wp:meta_key>
		<wp:meta_value><![CDATA[.vc_custom_1557248799620{margin-bottom: 0px !important;}]]></wp:meta_value>
		</wp:postmeta>
							<wp:postmeta>
		<wp:meta_key><![CDATA[_wp_page_template]]></wp:meta_key>
		<wp:meta_value><![CDATA[page-templates/demo4.php]]></wp:meta_value>
		</wp:postmeta>
							<wp:postmeta>
		<wp:meta_key><![CDATA[slide_template]]></wp:meta_key>
		<wp:meta_value><![CDATA[default]]></wp:meta_value>
		</wp:postmeta>
							<wp:postmeta>
		<wp:meta_key><![CDATA[_roadframework_custom_sidebar_pos]]></wp:meta_key>
		<wp:meta_value><![CDATA[left]]></wp:meta_value>
		</wp:postmeta>
							<wp:postmeta>
		<wp:meta_key><![CDATA[_wpb_vc_js_status]]></wp:meta_key>
		<wp:meta_value><![CDATA[true]]></wp:meta_value>
		</wp:postmeta>
							<wp:postmeta>
		<wp:meta_key><![CDATA[_antomi_custom_sidebar_pos]]></wp:meta_key>
		<wp:meta_value><![CDATA[left]]></wp:meta_value>
		</wp:postmeta>
							<wp:postmeta>
		<wp:meta_key><![CDATA[_edit_last]]></wp:meta_key>
		<wp:meta_value><![CDATA[1]]></wp:meta_value>
		</wp:postmeta>
							<wp:postmeta>
		<wp:meta_key><![CDATA[_antomi_post_intro]]></wp:meta_key>
		<wp:meta_value><![CDATA[]]></wp:meta_value>
		</wp:postmeta>
							<wp:postmeta>
		<wp:meta_key><![CDATA[_antomi_custom_sidebar]]></wp:meta_key>
		<wp:meta_value><![CDATA[]]></wp:meta_value>
		</wp:postmeta>
							</item>

							<item>
		<title>Header3</title>
		<link>http://demo.roadthemes.com/antomi/templatera/header3/</link>
		<pubDate>Wed, 24 Apr 2019 02:07:12 +0000</pubDate>
		<dc:creator><![CDATA[admin]]></dc:creator>
		<guid isPermaLink="false">http://192.168.1.209/antomi/?post_type=templatera&#038;p=1158</guid>
		<description></description>
		<content:encoded><![CDATA[<p>[vc_row el_class="topbar topbar-header3"][vc_column el_class="topbar-left" offset="vc_col-lg-4 vc_col-md-12"][vc_column_text]Get free shipping  - Free 30 day money back guarantee[/vc_column_text][/vc_column][vc_column el_class="topbar-right" offset="vc_col-lg-8 vc_col-md-12"][vc_column_text]</p>
<ul>
<li><a href="http://demo.roadthemes.com/antomi/contact/">Store Locations</a></li>
<li><a href="#">Track Your Order</a></li>
<li>Hotline: (+800) 123 456 678</li>
<li>Quality Guarantee Of Products</li>
</ul>
<p>[/vc_column_text][/vc_column][/vc_row][vc_row equal_height="yes" css=".vc_custom_1557445116937{padding-top: 27px !important;padding-bottom: 27px !important;}" el_class="header-main"][vc_column offset="vc_col-lg-3 vc_col-md-12" el_class="column1"][roadlogo logo_image="918" logo_width="217"][/vc_column][vc_column offset="vc_col-lg-6 vc_col-md-12" el_class="column2"][roadproductssearch style="style2"][/vc_column][vc_column offset="vc_col-lg-3 vc_col-md-12" el_class="header-main-right column3"][roadwishlist][roadminicart][/vc_column][/vc_row][vc_row el_class="header3-menu-wrapper"][vc_column offset="vc_col-lg-3 vc_col-md-4 vc_hidden-sm" el_class="column1"][roadcategoriesmenu style="style2"][/vc_column][vc_column offset="vc_col-lg-6 vc_col-md-8" el_class="column2"][roadmainmenu sticky_logoimage="296"][/vc_column][vc_column offset="vc_col-lg-3 vc_col-md-12" el_class="column3"][vc_column_text el_class="header-bigsale header3-bigsale"]<a href="#">BIG SALE BLACK FRIDAY</a>[/vc_column_text][/vc_column][/vc_row]</p>
]]></content:encoded>
		<excerpt:encoded><![CDATA[]]></excerpt:encoded>
		<wp:post_id>1158</wp:post_id>
		<wp:post_date><![CDATA[2019-04-24 02:07:12]]></wp:post_date>
		<wp:post_date_gmt><![CDATA[2019-04-24 02:07:12]]></wp:post_date_gmt>
		<wp:comment_status><![CDATA[closed]]></wp:comment_status>
		<wp:ping_status><![CDATA[closed]]></wp:ping_status>
		<wp:post_name><![CDATA[header3]]></wp:post_name>
		<wp:status><![CDATA[publish]]></wp:status>
		<wp:post_parent>0</wp:post_parent>
		<wp:menu_order>0</wp:menu_order>
		<wp:post_type><![CDATA[templatera]]></wp:post_type>
		<wp:post_password><![CDATA[]]></wp:post_password>
		<wp:is_sticky>0</wp:is_sticky>
														<wp:postmeta>
		<wp:meta_key><![CDATA[_edit_last]]></wp:meta_key>
		<wp:meta_value><![CDATA[1]]></wp:meta_value>
		</wp:postmeta>
							<wp:postmeta>
		<wp:meta_key><![CDATA[slide_template]]></wp:meta_key>
		<wp:meta_value><![CDATA[default]]></wp:meta_value>
		</wp:postmeta>
							<wp:postmeta>
		<wp:meta_key><![CDATA[_wpb_vc_js_status]]></wp:meta_key>
		<wp:meta_value><![CDATA[true]]></wp:meta_value>
		</wp:postmeta>
							<wp:postmeta>
		<wp:meta_key><![CDATA[_wpb_shortcodes_custom_css]]></wp:meta_key>
		<wp:meta_value><![CDATA[.vc_custom_1557445116937{padding-top: 27px !important;padding-bottom: 27px !important;}]]></wp:meta_value>
		</wp:postmeta>
							</item>
	
</channel>
</rss>		