{"last_tab":"","page_content_background":{"background-color":"#f5f5f9","background-repeat":"","background-size":"","background-attachment":"","background-position":"","background-image":"","media":{"id":"","height":"","width":"","thumbnail":""}},"border_color":{"border-top":"","border-right":"","border-bottom":"","border-left":"","border-style":"solid","border-color":"#ebebeb"},"back_to_top":"1","row_space":"60px","carousel_topright_position":"73px","primary_color":"#c40316","sale_color":"#62ab00","saletext_color":"#ffffff","rate_color":"#ffc600","link_color":{"regular":"#a43d21","hover":"#c40316","active":"#c40316"},"text_selected_bg":"#91b2c3","text_selected_color":"#ffffff","header_layout":"Header1","header_mobile_layout":"HeaderMobile","header_bg":"#ffffff","header_color":"#292929","header_link_color":{"regular":"#292929","hover":"#c40316","active":"#c40316"},"dropdown_bg":"#ffffff","sticky_header":true,"header_sticky_bg":{"color":"#ffffff","alpha":0.9499999999999999555910790149937383830547332763671875},"header_sticky_layout":"HeaderSticky","topbar_color":"#929292","topbar_link_color":{"regular":"#929292","hover":"#c40316","active":"#c40316"},"mobile_menu_label":"Menu","sub_menu_bg":"#ffffff","categories_menu_label":"ALL CATEGORIES","categories_menu_label_bg":"#c40316","categories_menu_bg":"#ffffff","categories_sub_menu_bg":"#ffffff","categories_menu_items":"12","categories_more_label":"More Categories","categories_less_label":"Less Categories","footer_layout":"Footer1","footer_bg":"#ffffff","footer_color":"#222222","footer_link_color":{"regular":"#222222","hover":"#c40316","active":"#c40316"},"social_icons":{"facebook":"www.facebook.com\/roadthemes\/","twitter":"www.twitter.com\/roadthemes","instagram":"www.instagram.com","tumblr":"","pinterest":"","google-plus":"","linkedin":"www.linkedin.com\/in\/kevin-sobo-082878b6","behance":"","dribbble":"","youtube":"","vimeo":"","rss":"www.rss.com"},"bodyfont":{"font-family":"Rubik","font-options":"","google":"1","font-backup":"","font-weight":"400","font-style":"","font-size":"14px","line-height":"","color":"#777777"},"headingfont":{"font-family":"Rubik","font-options":"","google":"1","font-weight":"500","font-style":"","color":"#242424"},"menufont":{"font-family":"Rubik","font-options":"","google":"1","font-weight":"500","font-style":"","font-size":"14px","color":"#222222"},"submenufont":{"font-family":"Rubik","font-options":"","google":"1","font-weight":"400","font-style":"","font-size":"14px","color":"#777777"},"dropdownfont":{"font-family":"Rubik","font-options":"","google":"1","font-weight":"400","font-style":"","font-size":"13px","color":"#777777"},"categoriesfont":{"font-family":"Rubik","font-options":"","google":"1","font-weight":"400","font-style":"","font-size":"14px","color":"#222222"},"categoriessubmenufont":{"font-family":"Rubik","font-options":"","google":"1","font-weight":"400","font-style":"","font-size":"14px","color":"#4c4c4c"},"pricefont":{"font-family":"Rubik","font-options":"","google":"1","font-weight":"500","font-style":"","font-size":"16px","color":"#c40316"},"image_slider":[{"title":"","description":"","url":"","sort":"0","attachment_id":"","thumb":"","image":"","height":"","width":""}],"brand_logos":[{"title":"","description":"","url":"","sort":"0","attachment_id":"","thumb":"","image":"","height":"","width":""}],"inner_brand":"","brandscroll":"1","brandscrollnumber":"1","brandpause":"3000","brandanimate":"2000","sidebarse_pos":"left","custom-sidebars":[""],"shop_banner":{"url":"http:\/\/demo.roadthemes.com\/antomi\/wp-content\/uploads\/2019\/04\/shop-banner.jpg","id":"1236","height":"240","width":"1100","thumbnail":"http:\/\/demo.roadthemes.com\/antomi\/wp-content\/uploads\/2019\/04\/shop-banner-150x150.jpg","title":"shop-banner","caption":"","alt":"","description":""},"show_category_image":"1","shop_layout":"sidebar","sidebarshop_pos":"left","default_view":"grid-view","product_name_color":"#0961c3","product_bg":"#ffffff","second_image":"1","product_per_page":"16","product_per_row":"4","product_per_row_fw":"4","single_product_layout":"fullwidth","sidebarsingleproduct_pos":"left","product_banner":{"url":"","id":"","height":"","width":"","thumbnail":"","title":"","caption":"","alt":"","description":""},"single_product_header_text":"Product Details","related_product_title":"Related Products","upsell_product_title":"Upsell Products","cross_sell_product_title":"You may be interested in ... ","related_amount":"10","product_share_title":"Share this product","detail_link_text":"Quick View","quickview_link_text":"See all features","quickview":"1","blog_header_text":"Blog","blog_layout":"sidebar","sidebarblog_pos":"right","readmore_text":"Read more","blog_share_title":"Share this post","testiscroll":"","testipause":"3000","testianimate":"2000","background_error":{"background-color":"#ffffff","background-repeat":"","background-size":"","background-attachment":"","background-position":"","background-image":"","media":{"id":"","height":"","width":"","thumbnail":""}},"enable_less":"1","defaults-section":"Reset Section","redux-backup":"1"}