<?xml version="1.0" encoding="UTF-8" ?>
<!-- This is a WordPress eXtended RSS file generated by WordPress as an export of your site. -->
<!-- It contains information about your site's posts, pages, comments, categories, and other content. -->
<!-- You may use this file to transfer that content from one site to another. -->
<!-- This file is not intended to serve as a complete backup of your site. -->

<!-- To import this information into a WordPress site follow these steps: -->
<!-- 1. Log in to that site as an administrator. -->
<!-- 2. Go to Tools: Import in the WordPress admin panel. -->
<!-- 3. Install the "WordPress" importer from the list. -->
<!-- 4. Activate & Run Importer. -->
<!-- 5. Upload this file using the form provided on that page. -->
<!-- 6. You will first be asked to map the authors in this export file to users -->
<!--    on the site. For each author, you may choose to map to an -->
<!--    existing user on the site or to create a new user. -->
<!-- 7. WordPress will then import each of the posts, pages, comments, categories, etc. -->
<!--    contained in this file into your site. -->

	<!-- generator="WordPress/5.2.1" created="2019-05-29 03:56" -->
<rss version="2.0"
	xmlns:excerpt="http://wordpress.org/export/1.2/excerpt/"
	xmlns:content="http://purl.org/rss/1.0/modules/content/"
	xmlns:wfw="http://wellformedweb.org/CommentAPI/"
	xmlns:dc="http://purl.org/dc/elements/1.1/"
	xmlns:wp="http://wordpress.org/export/1.2/"
>

<channel>
	<title>Antomi</title>
	<link>http://demo.roadthemes.com/antomi</link>
	<description>Just another WordPress site</description>
	<pubDate>Wed, 29 May 2019 03:56:11 +0000</pubDate>
	<language>en-US</language>
	<wp:wxr_version>1.2</wp:wxr_version>
	<wp:base_site_url>http://demo.roadthemes.com/antomi</wp:base_site_url>
	<wp:base_blog_url>http://demo.roadthemes.com/antomi</wp:base_blog_url>

		<wp:author><wp:author_id>1</wp:author_id><wp:author_login><![CDATA[admin]]></wp:author_login><wp:author_email><![CDATA[demo@roadthemes.com]]></wp:author_email><wp:author_display_name><![CDATA[admin]]></wp:author_display_name><wp:author_first_name><![CDATA[]]></wp:author_first_name><wp:author_last_name><![CDATA[]]></wp:author_last_name></wp:author>
		<item>
		<title>Home shop 2</title>
		<link>http://demo.roadthemes.com/antomi/home-shop-2/</link>
		<pubDate>Mon, 22 Apr 2019 07:12:06 +0000</pubDate>
		<dc:creator><![CDATA[admin]]></dc:creator>
		<guid isPermaLink="false">http://192.168.1.209/antomi/?page_id=1083</guid>
		<description></description>
		<content:encoded><![CDATA[<p>[vc_row full_width="stretch_row" el_class="block-white"][vc_column][vc_row_inner el_class="section-slider"][vc_column_inner el_class="column1" width="1/3" offset="vc_col-lg-3 vc_col-md-4 vc_hidden-sm"][/vc_column_inner][vc_column_inner el_class="column-home2-slider" offset="vc_col-lg-9 vc_col-md-8"][rev_slider_vc alias="home2-slider"][/vc_column_inner][/vc_row_inner][vc_row_inner el_class="section-policy"][vc_column_inner width="1/2" offset="vc_col-lg-1/5 vc_col-md-4 vc_col-xs-6"][roadthemes_policy policy_icon="1094" policy_title="FREE DELIVERY" policy_text="For all oders over $120"][/vc_column_inner][vc_column_inner width="1/2" offset="vc_col-lg-1/5 vc_col-md-4 vc_col-xs-6"][roadthemes_policy policy_icon="1095" policy_title="SAFE PAYMENT" policy_text="100% secure payment"][/vc_column_inner][vc_column_inner width="1/2" offset="vc_col-lg-1/5 vc_col-md-4 vc_col-xs-6"][roadthemes_policy policy_icon="1096" policy_title="SHOP WITH CONFIDENCE" policy_text="If goods have problems"][/vc_column_inner][vc_column_inner width="1/2" offset="vc_col-lg-1/5 vc_col-md-4 vc_col-xs-6"][roadthemes_policy policy_icon="1097" policy_title="24/7 HELP CENTER" policy_text="Dedicated 24/7 support"][/vc_column_inner][vc_column_inner width="1/2" offset="vc_col-lg-1/5 vc_col-md-4 vc_col-xs-6"][roadthemes_policy policy_icon="1098" policy_title="FRIENDLY SERVICES" policy_text="30 day satisfaction guarantee"][/vc_column_inner][/vc_row_inner][/vc_column][/vc_row][vc_row el_class="section-category"][vc_column width="1/2" offset="vc_col-lg-1/5 vc_col-md-4 vc_col-xs-6"][roadthemes_static_1 static_image="991" static_link_text="Cells &amp; Tablets" static_link_url="http://demo.roadthemes.com/antomi/product-category/accessories/" static_text="12 Products" static_title="Cells &amp; Tablets"][/vc_column][vc_column width="1/2" offset="vc_col-lg-1/5 vc_col-md-4 vc_col-xs-6"][roadthemes_static_1 static_image="993" static_link_text="Computer &amp; Laptop" static_link_url="http://demo.roadthemes.com/antomi/product-category/accessories/" static_text="24 Products" static_title="Cells &amp; Tablets"][/vc_column][vc_column width="1/2" offset="vc_col-lg-1/5 vc_col-md-4 vc_col-xs-6"][roadthemes_static_1 static_image="995" static_link_text="Fashion &amp; Clothing" static_link_url="http://demo.roadthemes.com/antomi/product-category/accessories/" static_text="22 Products" static_title="Cells &amp; Tablets"][/vc_column][vc_column width="1/2" offset="vc_col-lg-1/5 vc_col-md-4 vc_col-xs-6"][roadthemes_static_1 static_image="997" static_link_text="Sunglasses" static_link_url="http://demo.roadthemes.com/antomi/product-category/accessories/" static_text="06 Products" static_title="Cells &amp; Tablets"][/vc_column][vc_column width="1/2" offset="vc_col-lg-1/5 vc_col-md-4 vc_col-xs-6"][roadthemes_static_1 static_image="999" static_link_text="Baby &amp; Kids" static_link_url="http://demo.roadthemes.com/antomi/product-category/accessories/" static_text="09 Products" static_title="Cells &amp; Tablets"][/vc_column][vc_column width="1/2" offset="vc_col-lg-1/5 vc_col-md-4 vc_col-xs-6"][roadthemes_static_1 static_image="992" static_link_text="Games &amp; Consoles" static_link_url="http://demo.roadthemes.com/antomi/product-category/accessories/" static_text="14 Products" static_title="Cells &amp; Tablets"][/vc_column][vc_column width="1/2" offset="vc_col-lg-1/5 vc_col-md-4 vc_col-xs-6"][roadthemes_static_1 static_image="994" static_link_text="Furnitures &amp; Decor" static_link_url="http://demo.roadthemes.com/antomi/product-category/accessories/" static_text="26 Products" static_title="Cells &amp; Tablets"][/vc_column][vc_column width="1/2" offset="vc_col-lg-1/5 vc_col-md-4 vc_col-xs-6"][roadthemes_static_1 static_image="996" static_link_text="TV &amp; Audio" static_link_url="http://demo.roadthemes.com/antomi/product-category/accessories/" static_text="18 Products" static_title="Cells &amp; Tablets"][/vc_column][vc_column width="1/2" offset="vc_col-lg-1/5 vc_col-md-4 vc_col-xs-6"][roadthemes_static_1 static_image="998" static_link_text="Makeup &amp; Beauty" static_link_url="http://demo.roadthemes.com/antomi/product-category/accessories/" static_text="20 Products" static_title="Cells &amp; Tablets"][/vc_column][vc_column width="1/2" offset="vc_col-lg-1/5 vc_col-md-4 vc_col-xs-6"][roadthemes_static_1 static_image="1000" static_link_text="Accessories &amp; More" static_link_url="http://demo.roadthemes.com/antomi/product-category/accessories/" static_text="04 Products" static_title="Cells &amp; Tablets"][/vc_column][/vc_row][vc_row el_class="carousel-with-menu"][vc_column][vc_row_inner][vc_column_inner offset="vc_col-lg-4 vc_col-md-4"][roadthemes_title heading_title="Deals Of The Month"][/vc_column_inner][vc_column_inner offset="vc_col-lg-8 vc_col-md-8"][vc_wp_custommenu nav_menu="54"][/vc_column_inner][/vc_row_inner][list_products_r per_page="6" columns="1" orderby="ID" order="DESC" style="product-list-countdown" enable_slider="true" items_1500up="2" items_1200_1499="2" items_992_1199="2" items_768_991="2" items_480_639="1" navigation="1" pagination="" item_margin="0" speed="500" loop="true" ids="853, 857, 847, 869, 871, 862, 867"][/vc_column][/vc_row][vc_row][vc_column width="1/2"][vc_single_image image="1005" img_size="full" alignment="center" onclick="custom_link" link="http://demo.roadthemes.com/antomi/shop/"][/vc_column][vc_column width="1/2"][vc_single_image image="1006" img_size="full" alignment="center" onclick="custom_link" link="http://demo.roadthemes.com/antomi/shop/"][/vc_column][/vc_row][vc_row el_class="carousel-with-menu"][vc_column][vc_row_inner][vc_column_inner offset="vc_col-lg-4 vc_col-md-4"][roadthemes_title heading_title="Featured Products"][/vc_column_inner][vc_column_inner offset="vc_col-lg-8 vc_col-md-8"][vc_wp_custommenu nav_menu="56"][/vc_column_inner][/vc_row_inner][featured_products_r per_page="8" columns="1" orderby="ID" order="DESC" enable_slider="true" items_1500up="5" items_1200_1499="5" navigation="1" pagination="" item_margin="0" speed="500"][/vc_column][/vc_row][vc_row el_class="carousel-with-menu"][vc_column][vc_row_inner][vc_column_inner offset="vc_col-lg-4 vc_col-md-4"][roadthemes_title heading_title="Best Selling Products"][/vc_column_inner][vc_column_inner offset="vc_col-lg-8 vc_col-md-8"][vc_wp_custommenu nav_menu="54"][/vc_column_inner][/vc_row_inner][bestselling_products_r per_page="12" columns="2" style="product-list" enable_slider="true" items_1200_1499="3" items_992_1199="3" items_768_991="2" items_480_639="1" navigation="1" pagination="" item_margin="0" speed="500"][/vc_column][/vc_row][vc_row el_class="carousel-with-menu"][vc_column][vc_row_inner][vc_column_inner offset="vc_col-lg-4 vc_col-md-4"][roadthemes_title heading_title="New Arrivals"][/vc_column_inner][vc_column_inner offset="vc_col-lg-8 vc_col-md-8"][vc_wp_custommenu nav_menu="56"][/vc_column_inner][/vc_row_inner][recent_products_r per_page="10" columns="1" orderby="ID" order="DESC" enable_slider="true" items_1500up="5" items_1200_1499="5" navigation="1" pagination="" item_margin="0" speed="500"][/vc_column][/vc_row][vc_row][vc_column el_class="banner-customsize-1" offset="vc_col-lg-3 vc_col-md-3"][vc_single_image image="1103" img_size="full" alignment="center" onclick="custom_link" link="http://demo.roadthemes.com/antomi/shop/"][/vc_column][vc_column el_class="banner-customsize-2" offset="vc_col-lg-6 vc_col-md-6"][vc_single_image image="1104" img_size="full" alignment="center" onclick="custom_link" link="http://demo.roadthemes.com/antomi/shop/"][/vc_column][vc_column el_class="banner-customsize-3" offset="vc_col-lg-3 vc_col-md-3"][vc_single_image image="1105" img_size="full" alignment="center" onclick="custom_link" link="http://demo.roadthemes.com/antomi/shop/"][/vc_column][/vc_row][vc_row][vc_column offset="vc_col-lg-4 vc_col-md-4"][roadthemes_title heading_title="Computer &amp; Networking"][product_category_r per_page="9" columns="3" orderby="ID" order="DESC" category="computer-networking" style="product-list-2" enable_slider="true" items_1500up="1" items_1200_1499="1" items_992_1199="1" items_768_991="2" items_480_639="1" navigation="1" pagination="" item_margin="0" speed="500"][/vc_column][vc_column offset="vc_col-lg-4 vc_col-md-4"][roadthemes_title heading_title="Games &amp; Consoles"][product_category_r per_page="9" columns="3" orderby="ID" order="DESC" category="games-consoles" style="product-list-2" enable_slider="true" items_1500up="1" items_1200_1499="1" items_992_1199="1" items_768_991="2" items_480_639="1" navigation="1" pagination="" item_margin="0" speed="500"][/vc_column][vc_column offset="vc_col-lg-4 vc_col-md-4"][roadthemes_title heading_title="Mobile &amp; Tablets"][product_category_r per_page="9" columns="3" orderby="ID" order="DESC" category="mobile-tablets" style="product-list-2" enable_slider="true" items_1500up="1" items_1200_1499="1" items_992_1199="1" items_768_991="2" items_480_639="1" navigation="1" pagination="" item_margin="0" speed="500"][/vc_column][/vc_row]</p>
]]></content:encoded>
		<excerpt:encoded><![CDATA[]]></excerpt:encoded>
		<wp:post_id>1083</wp:post_id>
		<wp:post_date><![CDATA[2019-04-22 07:12:06]]></wp:post_date>
		<wp:post_date_gmt><![CDATA[2019-04-22 07:12:06]]></wp:post_date_gmt>
		<wp:comment_status><![CDATA[closed]]></wp:comment_status>
		<wp:ping_status><![CDATA[closed]]></wp:ping_status>
		<wp:post_name><![CDATA[home-shop-2]]></wp:post_name>
		<wp:status><![CDATA[publish]]></wp:status>
		<wp:post_parent>0</wp:post_parent>
		<wp:menu_order>0</wp:menu_order>
		<wp:post_type><![CDATA[page]]></wp:post_type>
		<wp:post_password><![CDATA[]]></wp:post_password>
		<wp:is_sticky>0</wp:is_sticky>
														<wp:postmeta>
		<wp:meta_key><![CDATA[_edit_last]]></wp:meta_key>
		<wp:meta_value><![CDATA[1]]></wp:meta_value>
		</wp:postmeta>
							<wp:postmeta>
		<wp:meta_key><![CDATA[_wp_page_template]]></wp:meta_key>
		<wp:meta_value><![CDATA[page-templates/demo2.php]]></wp:meta_value>
		</wp:postmeta>
							<wp:postmeta>
		<wp:meta_key><![CDATA[slide_template]]></wp:meta_key>
		<wp:meta_value><![CDATA[default]]></wp:meta_value>
		</wp:postmeta>
							<wp:postmeta>
		<wp:meta_key><![CDATA[_roadframework_post_intro]]></wp:meta_key>
		<wp:meta_value><![CDATA[]]></wp:meta_value>
		</wp:postmeta>
							<wp:postmeta>
		<wp:meta_key><![CDATA[_roadframework_custom_sidebar]]></wp:meta_key>
		<wp:meta_value><![CDATA[]]></wp:meta_value>
		</wp:postmeta>
							<wp:postmeta>
		<wp:meta_key><![CDATA[_roadframework_custom_sidebar_pos]]></wp:meta_key>
		<wp:meta_value><![CDATA[left]]></wp:meta_value>
		</wp:postmeta>
							<wp:postmeta>
		<wp:meta_key><![CDATA[_wpb_vc_js_status]]></wp:meta_key>
		<wp:meta_value><![CDATA[true]]></wp:meta_value>
		</wp:postmeta>
							<wp:postmeta>
		<wp:meta_key><![CDATA[_antomi_post_intro]]></wp:meta_key>
		<wp:meta_value><![CDATA[]]></wp:meta_value>
		</wp:postmeta>
							<wp:postmeta>
		<wp:meta_key><![CDATA[_antomi_custom_sidebar]]></wp:meta_key>
		<wp:meta_value><![CDATA[]]></wp:meta_value>
		</wp:postmeta>
							<wp:postmeta>
		<wp:meta_key><![CDATA[_antomi_custom_sidebar_pos]]></wp:meta_key>
		<wp:meta_value><![CDATA[left]]></wp:meta_value>
		</wp:postmeta>
							</item>

</channel>
</rss>		